keyword,link,crawling
청바지,/app/product/detail/695883/0,yes
청바지,/app/product/detail/695882/0,yes
청바지,/app/product/detail/664388/0,yes
청바지,/app/product/detail/664387/0,yes
청바지,/app/product/detail/664378/0,yes
청바지,/app/product/detail/664376/0,yes
청바지,/app/product/detail/664374/0,yes
청바지,/app/product/detail/771403/0,yes
청바지,/app/product/detail/711085/0,yes
청바지,/app/product/detail/664383/0,yes
청바지,/app/product/detail/562551/0,yes
청바지,/app/product/detail/562548/0,yes
청바지,/app/product/detail/818934/0,yes
청바지,/app/product/detail/502171/0,yes
청바지,/app/product/detail/502160/0,yes
청바지,/app/product/detail/818433/0,yes
청바지,/app/product/detail/502391/0,yes
청바지,/app/product/detail/502148/0,yes
청바지,/app/product/detail/502128/0,yes
청바지,/app/product/detail/855478/0,yes
청바지,/app/product/detail/855477/0,yes
청바지,/app/product/detail/855475/0,yes
청바지,/app/product/detail/855474/0,yes
청바지,/app/product/detail/855473/0,yes
청바지,/app/product/detail/855472/0,yes
청바지,/app/product/detail/83699/0,yes
청바지,/app/product/detail/749288/0,yes
청바지,/app/product/detail/749287/0,yes
청바지,/app/product/detail/978456/0,yes
청바지,/app/product/detail/978455/0,yes
청바지,/app/product/detail/978454/0,yes
청바지,/app/product/detail/977232/0,yes
청바지,/app/product/detail/977230/0,yes
청바지,/app/product/detail/977229/0,yes
청바지,/app/product/detail/977228/0,yes
청바지,/app/product/detail/194213/0,yes
청바지,/app/product/detail/1039754/0,yes
청바지,/app/product/detail/1039737/0,yes
청바지,/app/product/detail/1039716/0,yes
청바지,/app/product/detail/672455/0,yes
청바지,/app/product/detail/672452/0,yes
청바지,/app/product/detail/621705/0,yes
청바지,/app/product/detail/818336/0,yes
청바지,/app/product/detail/656400/0,yes
청바지,/app/product/detail/656396/0,yes
청바지,/app/product/detail/878180/0,yes
청바지,/app/product/detail/855476/0,yes
청바지,/app/product/detail/280549/0,yes
청바지,/app/product/detail/878020/0,yes
청바지,/app/product/detail/656397/0,yes
청바지,/app/product/detail/501872/0,yes
청바지,/app/product/detail/876292/0,yes
청바지,/app/product/detail/819157/0,yes
청바지,/app/product/detail/819089/0,yes
청바지,/app/product/detail/656380/0,yes
청바지,/app/product/detail/502251/0,yes
청바지,/app/product/detail/754704/0,yes
청바지,/app/product/detail/656394/0,yes
청바지,/app/product/detail/656393/0,yes
청바지,/app/product/detail/656383/0,yes
청바지,/app/product/detail/656382/0,yes
청바지,/app/product/detail/768736/0,yes
청바지,/app/product/detail/878172/0,yes
청바지,/app/product/detail/821770/0,yes
청바지,/app/product/detail/819124/0,yes
청바지,/app/product/detail/818885/0,yes
청바지,/app/product/detail/656390/0,yes
청바지,/app/product/detail/656389/0,yes
청바지,/app/product/detail/738024/0,yes
청바지,/app/product/detail/931701/0,yes
청바지,/app/product/detail/931700/0,yes
청바지,/app/product/detail/890462/0,yes
청바지,/app/product/detail/890461/0,yes
청바지,/app/product/detail/878002/0,yes
청바지,/app/product/detail/819885/0,yes
청바지,/app/product/detail/656408/0,yes
청바지,/app/product/detail/656402/0,yes
청바지,/app/product/detail/656381/0,yes
청바지,/app/product/detail/502397/0,yes
청바지,/app/product/detail/744646/0,yes
청바지,/app/product/detail/493942/0,yes
청바지,/app/product/detail/880694/0,yes
청바지,/app/product/detail/880653/0,yes
청바지,/app/product/detail/878251/0,yes
청바지,/app/product/detail/878214/0,yes
청바지,/app/product/detail/878191/0,yes
청바지,/app/product/detail/878032/0,yes
청바지,/app/product/detail/877932/0,yes
청바지,/app/product/detail/752485/0,yes
청바지,/app/product/detail/876295/0,yes
청바지,/app/product/detail/876294/0,yes
청바지,/app/product/detail/878398/0,yes
청바지,/app/product/detail/877970/0,yes
청바지,/app/product/detail/819172/0,yes
청바지,/app/product/detail/738028/0,yes
청바지,/app/product/detail/738027/0,yes
청바지,/app/product/detail/738023/0,yes
청바지,/app/product/detail/738022/0,yes
청바지,/app/product/detail/648071/0,yes
청바지,/app/product/detail/648070/0,yes
청바지,/app/product/detail/64040/0,yes
청바지,/app/product/detail/365139/0,no
청바지,/app/product/detail/342890/0,no
청바지,/app/product/detail/342882/0,no
청바지,/app/product/detail/342859/0,no
청바지,/app/product/detail/342845/0,no
청바지,/app/product/detail/342827/0,no
청바지,/app/product/detail/297046/0,no
청바지,/app/product/detail/297039/0,no
청바지,/app/product/detail/297037/0,no
청바지,/app/product/detail/297031/0,no
청바지,/app/product/detail/297029/0,no
청바지,/app/product/detail/297027/0,no
청바지,/app/product/detail/297025/0,no
청바지,/app/product/detail/297022/0,no
청바지,/app/product/detail/485873/0,no
청바지,/app/product/detail/746960/0,no
청바지,/app/product/detail/746959/0,no
청바지,/app/product/detail/746958/0,no
청바지,/app/product/detail/746957/0,no
청바지,/app/product/detail/746956/0,no
청바지,/app/product/detail/746955/0,no
청바지,/app/product/detail/746954/0,no
청바지,/app/product/detail/1020453/0,no
청바지,/app/product/detail/880732/0,no
청바지,/app/product/detail/656406/0,no
청바지,/app/product/detail/656403/0,no
청바지,/app/product/detail/502253/0,no
청바지,/app/product/detail/502232/0,no
청바지,/app/product/detail/752483/0,no
청바지,/app/product/detail/502383/0,no
청바지,/app/product/detail/502380/0,no
청바지,/app/product/detail/501870/0,no
청바지,/app/product/detail/752479/0,no
청바지,/app/product/detail/201388/0,no
청바지,/app/product/detail/877754/0,no
청바지,/app/product/detail/752461/0,no
청바지,/app/product/detail/502199/0,no
청바지,/app/product/detail/962044/0,no
청바지,/app/product/detail/944712/0,no
청바지,/app/product/detail/897178/0,no
청바지,/app/product/detail/897177/0,no
청바지,/app/product/detail/656391/0,no
청바지,/app/product/detail/656387/0,no
청바지,/app/product/detail/502395/0,no
청바지,/app/product/detail/502305/0,no
청바지,/app/product/detail/767433/0,no
청바지,/app/product/detail/835296/0,no
청바지,/app/product/detail/835295/0,no
청바지,/app/product/detail/891155/0,no
청바지,/app/product/detail/936767/0,no
청바지,/app/product/detail/936766/0,no
청바지,/app/product/detail/1011005/0,no
청바지,/app/product/detail/1011003/0,no
청바지,/app/product/detail/1011001/0,no
청바지,/app/product/detail/1010999/0,no
청바지,/app/product/detail/1007892/0,no
청바지,/app/product/detail/1007888/0,no
청바지,/app/product/detail/1007883/0,no
청바지,/app/product/detail/1007881/0,no
청바지,/app/product/detail/1007873/0,no
청바지,/app/product/detail/891163/0,no
청바지,/app/product/detail/891162/0,no
청바지,/app/product/detail/891161/0,no
청바지,/app/product/detail/730875/0,no
청바지,/app/product/detail/730773/0,no
청바지,/app/product/detail/730705/0,no
청바지,/app/product/detail/321114/0,no
청바지,/app/product/detail/168430/0,no
청바지,/app/product/detail/985389/0,no
청바지,/app/product/detail/985385/0,no
청바지,/app/product/detail/985384/0,no
청바지,/app/product/detail/985383/0,no
청바지,/app/product/detail/928031/0,no
청바지,/app/product/detail/903343/0,no
청바지,/app/product/detail/903342/0,no
청바지,/app/product/detail/903341/0,no
청바지,/app/product/detail/903340/0,no
청바지,/app/product/detail/760623/0,no
청바지,/app/product/detail/493947/0,no
청바지,/app/product/detail/493944/0,no
청바지,/app/product/detail/484266/0,no
청바지,/app/product/detail/468752/0,no
청바지,/app/product/detail/260863/0,no
청바지,/app/product/detail/157657/0,no
청바지,/app/product/detail/1046532/0,no
청바지,/app/product/detail/1045490/0,no
청바지,/app/product/detail/752440/0,no
청바지,/app/product/detail/182845/0,no
청바지,/app/product/detail/991760/0,no
청바지,/app/product/detail/991758/0,no
청바지,/app/product/detail/991756/0,no
청바지,/app/product/detail/991754/0,no
청바지,/app/product/detail/991750/0,no
청바지,/app/product/detail/991737/0,no
청바지,/app/product/detail/991723/0,no
청바지,/app/product/detail/991722/0,no
청바지,/app/product/detail/991717/0,no
청바지,/app/product/detail/991715/0,no
청바지,/app/product/detail/991713/0,no
청바지,/app/product/detail/991712/0,no
청바지,/app/product/detail/991711/0,no
청바지,/app/product/detail/991703/0,no
청바지,/app/product/detail/991702/0,no
청바지,/app/product/detail/991701/0,no
청바지,/app/product/detail/991700/0,no
청바지,/app/product/detail/991699/0,no
청바지,/app/product/detail/991697/0,no
청바지,/app/product/detail/991693/0,no
청바지,/app/product/detail/991691/0,no
청바지,/app/product/detail/991690/0,no
청바지,/app/product/detail/991671/0,no
청바지,/app/product/detail/991667/0,no
청바지,/app/product/detail/991648/0,no
청바지,/app/product/detail/991638/0,no
청바지,/app/product/detail/960628/0,no
청바지,/app/product/detail/960621/0,no
청바지,/app/product/detail/955779/0,no
청바지,/app/product/detail/955773/0,no
청바지,/app/product/detail/955762/0,no
청바지,/app/product/detail/955746/0,no
청바지,/app/product/detail/955738/0,no
청바지,/app/product/detail/955726/0,no
청바지,/app/product/detail/955709/0,no
청바지,/app/product/detail/955702/0,no
청바지,/app/product/detail/955687/0,no
청바지,/app/product/detail/955681/0,no
청바지,/app/product/detail/955660/0,no
청바지,/app/product/detail/955653/0,no
청바지,/app/product/detail/955646/0,no
청바지,/app/product/detail/955638/0,no
청바지,/app/product/detail/955630/0,no
청바지,/app/product/detail/955623/0,no
청바지,/app/product/detail/955611/0,no
청바지,/app/product/detail/955604/0,no
청바지,/app/product/detail/955596/0,no
청바지,/app/product/detail/955588/0,no
청바지,/app/product/detail/955579/0,no
청바지,/app/product/detail/955573/0,no
청바지,/app/product/detail/955563/0,no
셔츠,/app/product/detail/533067/0,yes
셔츠,/app/product/detail/829211/0,yes
셔츠,/app/product/detail/492930/0,yes
셔츠,/app/product/detail/826451/0,no
셔츠,/app/product/detail/728000/0,no
셔츠,/app/product/detail/859956/0,no
셔츠,/app/product/detail/620634/0,no
셔츠,/app/product/detail/409641/0,no
셔츠,/app/product/detail/620643/0,no
셔츠,/app/product/detail/533011/0,no
셔츠,/app/product/detail/483796/0,no
셔츠,/app/product/detail/713749/0,no
셔츠,/app/product/detail/609474/0,no
셔츠,/app/product/detail/558100/0,no
셔츠,/app/product/detail/620638/0,no
셔츠,/app/product/detail/982592/0,no
셔츠,/app/product/detail/623548/0,no
셔츠,/app/product/detail/947067/0,no
셔츠,/app/product/detail/592829/0,no
셔츠,/app/product/detail/854337/0,no
셔츠,/app/product/detail/707695/0,no
셔츠,/app/product/detail/58538/0,no
셔츠,/app/product/detail/713074/0,no
셔츠,/app/product/detail/375860/0,no
셔츠,/app/product/detail/627490/0,no
셔츠,/app/product/detail/606678/0,no
셔츠,/app/product/detail/709014/0,no
셔츠,/app/product/detail/853189/0,no
셔츠,/app/product/detail/620642/0,no
셔츠,/app/product/detail/580286/0,no
셔츠,/app/product/detail/875126/0,no
셔츠,/app/product/detail/483798/0,no
셔츠,/app/product/detail/703991/0,no
셔츠,/app/product/detail/400250/0,no
셔츠,/app/product/detail/859949/0,no
셔츠,/app/product/detail/560855/0,no
셔츠,/app/product/detail/890749/0,no
셔츠,/app/product/detail/620639/0,no
셔츠,/app/product/detail/714459/0,no
셔츠,/app/product/detail/728002/0,no
셔츠,/app/product/detail/622079/0,no
셔츠,/app/product/detail/472240/0,no
셔츠,/app/product/detail/713073/0,no
셔츠,/app/product/detail/982594/0,no
셔츠,/app/product/detail/837353/0,no
셔츠,/app/product/detail/627721/0,no
셔츠,/app/product/detail/483795/0,no
셔츠,/app/product/detail/826449/0,no
셔츠,/app/product/detail/400249/0,no
셔츠,/app/product/detail/198733/0,no
셔츠,/app/product/detail/493516/0,no
셔츠,/app/product/detail/761305/0,no
셔츠,/app/product/detail/713467/0,no
셔츠,/app/product/detail/630932/0,no
셔츠,/app/product/detail/843521/0,no
셔츠,/app/product/detail/876304/0,no
셔츠,/app/product/detail/983818/0,no
셔츠,/app/product/detail/550096/0,no
셔츠,/app/product/detail/115327/0,no
셔츠,/app/product/detail/711147/0,no
셔츠,/app/product/detail/364871/0,no
셔츠,/app/product/detail/476242/0,no
셔츠,/app/product/detail/876311/0,no
셔츠,/app/product/detail/947068/0,no
셔츠,/app/product/detail/876306/0,no
셔츠,/app/product/detail/728001/0,no
셔츠,/app/product/detail/198734/0,no
셔츠,/app/product/detail/706961/0,no
셔츠,/app/product/detail/876307/0,no
셔츠,/app/product/detail/630923/0,no
셔츠,/app/product/detail/620635/0,no
셔츠,/app/product/detail/813191/0,no
셔츠,/app/product/detail/621999/0,no
셔츠,/app/product/detail/634273/0,no
셔츠,/app/product/detail/703994/0,no
셔츠,/app/product/detail/414772/0,no
셔츠,/app/product/detail/769602/0,no
셔츠,/app/product/detail/606364/0,no
셔츠,/app/product/detail/983819/0,no
셔츠,/app/product/detail/364872/0,no
셔츠,/app/product/detail/843520/0,no
셔츠,/app/product/detail/665373/0,no
셔츠,/app/product/detail/854338/0,no
셔츠,/app/product/detail/983339/0,no
셔츠,/app/product/detail/725598/0,no
셔츠,/app/product/detail/548482/0,no
셔츠,/app/product/detail/769603/0,no
셔츠,/app/product/detail/550086/0,no
셔츠,/app/product/detail/627525/0,no
셔츠,/app/product/detail/775167/0,no
셔츠,/app/product/detail/875203/0,no
셔츠,/app/product/detail/620636/0,no
셔츠,/app/product/detail/824675/0,no
셔츠,/app/product/detail/728357/0,no
셔츠,/app/product/detail/502191/0,no
셔츠,/app/product/detail/711139/0,no
셔츠,/app/product/detail/620640/0,no
셔츠,/app/product/detail/947071/0,no
셔츠,/app/product/detail/947078/0,no
셔츠,/app/product/detail/400742/0,no
셔츠,/app/product/detail/701856/0,no
셔츠,/app/product/detail/983822/0,no
셔츠,/app/product/detail/892744/0,no
셔츠,/app/product/detail/483797/0,no
셔츠,/app/product/detail/703543/0,no
셔츠,/app/product/detail/983823/0,no
셔츠,/app/product/detail/854390/0,no
셔츠,/app/product/detail/582680/0,no
셔츠,/app/product/detail/528272/0,no
셔츠,/app/product/detail/621994/0,no
셔츠,/app/product/detail/839626/0,no
셔츠,/app/product/detail/947070/0,no
셔츠,/app/product/detail/356492/0,no
셔츠,/app/product/detail/573061/0,no
셔츠,/app/product/detail/826450/0,no
셔츠,/app/product/detail/742813/0,no
셔츠,/app/product/detail/707694/0,no
셔츠,/app/product/detail/655226/0,no
셔츠,/app/product/detail/854339/0,no
셔츠,/app/product/detail/769753/0,no
셔츠,/app/product/detail/769754/0,no
셔츠,/app/product/detail/833706/0,no
셔츠,/app/product/detail/876309/0,no
셔츠,/app/product/detail/854391/0,no
셔츠,/app/product/detail/627496/0,no
셔츠,/app/product/detail/725599/0,no
셔츠,/app/product/detail/578539/0,no
셔츠,/app/product/detail/372491/0,no
셔츠,/app/product/detail/559202/0,no
셔츠,/app/product/detail/769751/0,no
셔츠,/app/product/detail/208012/0,no
셔츠,/app/product/detail/876314/0,no
셔츠,/app/product/detail/559201/0,no
셔츠,/app/product/detail/983821/0,no
셔츠,/app/product/detail/645911/0,no
셔츠,/app/product/detail/876308/0,no
셔츠,/app/product/detail/868569/0,no
셔츠,/app/product/detail/876310/0,no
셔츠,/app/product/detail/609466/0,no
셔츠,/app/product/detail/859189/0,no
셔츠,/app/product/detail/701876/0,no
셔츠,/app/product/detail/795228/0,no
셔츠,/app/product/detail/191909/0,no
셔츠,/app/product/detail/409730/0,no
셔츠,/app/product/detail/845380/0,no
셔츠,/app/product/detail/575672/0,no
셔츠,/app/product/detail/565940/0,no
셔츠,/app/product/detail/560851/0,no
셔츠,/app/product/detail/421453/0,no
셔츠,/app/product/detail/876316/0,no
셔츠,/app/product/detail/769752/0,no
셔츠,/app/product/detail/728003/0,no
셔츠,/app/product/detail/497449/0,no
셔츠,/app/product/detail/972725/0,no
셔츠,/app/product/detail/876315/0,no
셔츠,/app/product/detail/503483/0,no
셔츠,/app/product/detail/769601/0,no
셔츠,/app/product/detail/843515/0,no
셔츠,/app/product/detail/947077/0,no
셔츠,/app/product/detail/892750/0,no
셔츠,/app/product/detail/400251/0,no
셔츠,/app/product/detail/686913/0,no
셔츠,/app/product/detail/563689/0,no
셔츠,/app/product/detail/627506/0,no
셔츠,/app/product/detail/771175/0,no
셔츠,/app/product/detail/644686/0,no
셔츠,/app/product/detail/742233/0,no
셔츠,/app/product/detail/727833/0,no
셔츠,/app/product/detail/1007987/0,no
셔츠,/app/product/detail/876312/0,no
셔츠,/app/product/detail/703992/0,no
셔츠,/app/product/detail/813192/0,no
셔츠,/app/product/detail/578540/0,no
셔츠,/app/product/detail/476247/0,no
셔츠,/app/product/detail/853188/0,no
셔츠,/app/product/detail/498261/0,no
셔츠,/app/product/detail/876305/0,no
셔츠,/app/product/detail/854396/0,no
셔츠,/app/product/detail/843524/0,no
셔츠,/app/product/detail/620641/0,no
셔츠,/app/product/detail/608684/0,no
셔츠,/app/product/detail/824676/0,no
셔츠,/app/product/detail/813190/0,no
셔츠,/app/product/detail/822439/0,no
셔츠,/app/product/detail/665370/0,no
셔츠,/app/product/detail/550107/0,no
셔츠,/app/product/detail/775154/0,no
셔츠,/app/product/detail/409763/0,no
셔츠,/app/product/detail/936585/0,no
셔츠,/app/product/detail/706965/0,no
셔츠,/app/product/detail/769614/0,no
셔츠,/app/product/detail/577536/0,no
셔츠,/app/product/detail/629680/0,no
셔츠,/app/product/detail/703995/0,no
셔츠,/app/product/detail/565936/0,no
셔츠,/app/product/detail/719663/0,no
셔츠,/app/product/detail/609465/0,no
셔츠,/app/product/detail/1007984/0,no
셔츠,/app/product/detail/771173/0,no
셔츠,/app/product/detail/421454/0,no
셔츠,/app/product/detail/559204/0,no
셔츠,/app/product/detail/493515/0,no
셔츠,/app/product/detail/856677/0,no
셔츠,/app/product/detail/719662/0,no
셔츠,/app/product/detail/643193/0,no
셔츠,/app/product/detail/562810/0,no
셔츠,/app/product/detail/936590/0,no
셔츠,/app/product/detail/769613/0,no
셔츠,/app/product/detail/703993/0,no
셔츠,/app/product/detail/709013/0,no
셔츠,/app/product/detail/620637/0,no
셔츠,/app/product/detail/761304/0,no
셔츠,/app/product/detail/725648/0,no
셔츠,/app/product/detail/837921/0,no
셔츠,/app/product/detail/799932/0,no
셔츠,/app/product/detail/533111/0,no
셔츠,/app/product/detail/941948/0,no
셔츠,/app/product/detail/559206/0,no
셔츠,/app/product/detail/409707/0,no
셔츠,/app/product/detail/303620/0,no
셔츠,/app/product/detail/754954/0,no
셔츠,/app/product/detail/617630/0,no
셔츠,/app/product/detail/608685/0,no
셔츠,/app/product/detail/930790/0,no
셔츠,/app/product/detail/774388/0,no
셔츠,/app/product/detail/577526/0,no
셔츠,/app/product/detail/563666/0,no
셔츠,/app/product/detail/722520/0,no
셔츠,/app/product/detail/609605/0,no
셔츠,/app/product/detail/947880/0,no
셔츠,/app/product/detail/574286/0,no
셔츠,/app/product/detail/476239/0,no
셔츠,/app/product/detail/942012/0,no
셔츠,/app/product/detail/892745/0,no
셔츠,/app/product/detail/947074/0,no
셔츠,/app/product/detail/798811/0,no
셔츠,/app/product/detail/778059/0,no
셔츠,/app/product/detail/759240/0,no
셔츠,/app/product/detail/835054/0,no
셔츠,/app/product/detail/967721/0,no
구두,/app/product/detail/607298/0,yes
구두,/app/product/detail/464267/0,yes
구두,/app/product/detail/107513/0,yes
구두,/app/product/detail/627255/0,yes
구두,/app/product/detail/302374/0,yes
구두,/app/product/detail/760047/0,yes
구두,/app/product/detail/705626/0,yes
구두,/app/product/detail/705611/0,yes
구두,/app/product/detail/833746/0,yes
구두,/app/product/detail/163357/0,yes
구두,/app/product/detail/950889/0,yes
구두,/app/product/detail/595039/0,yes
구두,/app/product/detail/606329/0,yes
구두,/app/product/detail/863784/0,yes
구두,/app/product/detail/808782/0,yes
구두,/app/product/detail/595040/0,yes
구두,/app/product/detail/47144/0,yes
구두,/app/product/detail/705618/0,yes
구두,/app/product/detail/834089/0,no
구두,/app/product/detail/814238/0,no
구두,/app/product/detail/936094/0,no
구두,/app/product/detail/595038/0,no
구두,/app/product/detail/595042/0,no
구두,/app/product/detail/339922/0,no
구두,/app/product/detail/804483/0,no
구두,/app/product/detail/936095/0,no
구두,/app/product/detail/755327/0,no
구두,/app/product/detail/418672/0,no
구두,/app/product/detail/760054/0,no
구두,/app/product/detail/608351/0,no
구두,/app/product/detail/711593/0,no
구두,/app/product/detail/949538/0,no
구두,/app/product/detail/921600/0,no
구두,/app/product/detail/918411/0,no
구두,/app/product/detail/702782/0,no
구두,/app/product/detail/605287/0,no
구두,/app/product/detail/464269/0,no
구두,/app/product/detail/706935/0,no
구두,/app/product/detail/853225/0,no
구두,/app/product/detail/499302/0,no
구두,/app/product/detail/685185/0,no
구두,/app/product/detail/950979/0,no
구두,/app/product/detail/464270/0,no
구두,/app/product/detail/804481/0,no
구두,/app/product/detail/127121/0,no
구두,/app/product/detail/418715/0,no
구두,/app/product/detail/767549/0,no
구두,/app/product/detail/705622/0,no
구두,/app/product/detail/588471/0,no
구두,/app/product/detail/501660/0,no
구두,/app/product/detail/205572/0,no
구두,/app/product/detail/107514/0,no
구두,/app/product/detail/606309/0,no
구두,/app/product/detail/787254/0,no
구두,/app/product/detail/436378/0,no
구두,/app/product/detail/57856/0,no
구두,/app/product/detail/52661/0,no
구두,/app/product/detail/833730/0,no
구두,/app/product/detail/808907/0,no
구두,/app/product/detail/698290/0,no
구두,/app/product/detail/285258/0,no
구두,/app/product/detail/892839/0,no
구두,/app/product/detail/435359/0,no
구두,/app/product/detail/947381/0,no
구두,/app/product/detail/607323/0,no
구두,/app/product/detail/896566/0,no
구두,/app/product/detail/738784/0,no
구두,/app/product/detail/606324/0,no
구두,/app/product/detail/589285/0,no
구두,/app/product/detail/894059/0,no
구두,/app/product/detail/890830/0,no
구두,/app/product/detail/464519/0,no
구두,/app/product/detail/433790/0,no
구두,/app/product/detail/418726/0,no
구두,/app/product/detail/278740/0,no
구두,/app/product/detail/831599/0,no
구두,/app/product/detail/474143/0,no
구두,/app/product/detail/174557/0,no
구두,/app/product/detail/436342/0,no
구두,/app/product/detail/839857/0,no
구두,/app/product/detail/644081/0,no
구두,/app/product/detail/607307/0,no
구두,/app/product/detail/564717/0,no
구두,/app/product/detail/447316/0,no
구두,/app/product/detail/409021/0,no
구두,/app/product/detail/595211/0,no
구두,/app/product/detail/564716/0,no
구두,/app/product/detail/476053/0,no
구두,/app/product/detail/429492/0,no
구두,/app/product/detail/242476/0,no
구두,/app/product/detail/464268/0,no
구두,/app/product/detail/440135/0,no
구두,/app/product/detail/436343/0,no
구두,/app/product/detail/351421/0,no
구두,/app/product/detail/961454/0,no
구두,/app/product/detail/944558/0,no
구두,/app/product/detail/608933/0,no
구두,/app/product/detail/608352/0,no
구두,/app/product/detail/564718/0,no
구두,/app/product/detail/127080/0,no
구두,/app/product/detail/918418/0,no
구두,/app/product/detail/804486/0,no
구두,/app/product/detail/804482/0,no
구두,/app/product/detail/608251/0,no
구두,/app/product/detail/1021359/0,no
구두,/app/product/detail/1020993/0,no
구두,/app/product/detail/1003652/0,no
구두,/app/product/detail/947329/0,no
구두,/app/product/detail/927640/0,no
구두,/app/product/detail/845229/0,no
구두,/app/product/detail/626641/0,no
구두,/app/product/detail/52664/0,no
구두,/app/product/detail/158624/0,no
구두,/app/product/detail/890811/0,no
구두,/app/product/detail/605288/0,no
구두,/app/product/detail/605286/0,no
구두,/app/product/detail/538488/0,no
구두,/app/product/detail/436452/0,no
구두,/app/product/detail/949755/0,no
구두,/app/product/detail/933298/0,no
구두,/app/product/detail/927454/0,no
구두,/app/product/detail/901644/0,no
구두,/app/product/detail/900216/0,no
구두,/app/product/detail/163043/0,no
구두,/app/product/detail/158630/0,no
구두,/app/product/detail/947385/0,no
구두,/app/product/detail/839810/0,no
구두,/app/product/detail/774621/0,no
구두,/app/product/detail/767601/0,no
구두,/app/product/detail/703091/0,no
구두,/app/product/detail/626639/0,no
구두,/app/product/detail/441261/0,no
구두,/app/product/detail/181917/0,no
구두,/app/product/detail/163358/0,no
구두,/app/product/detail/916053/0,no
구두,/app/product/detail/915103/0,no
구두,/app/product/detail/808780/0,no
구두,/app/product/detail/768863/0,no
구두,/app/product/detail/731236/0,no
구두,/app/product/detail/663155/0,no
구두,/app/product/detail/552709/0,no
구두,/app/product/detail/290241/0,no
구두,/app/product/detail/158646/0,no
구두,/app/product/detail/96547/0,no
구두,/app/product/detail/933724/0,no
구두,/app/product/detail/61283/0,no
구두,/app/product/detail/542550/0,no
구두,/app/product/detail/447263/0,no
구두,/app/product/detail/422932/0,no
구두,/app/product/detail/326143/0,no
구두,/app/product/detail/313354/0,no
구두,/app/product/detail/179309/0,no
구두,/app/product/detail/136455/0,no
구두,/app/product/detail/131029/0,no
구두,/app/product/detail/113556/0,no
구두,/app/product/detail/964524/0,no
구두,/app/product/detail/933721/0,no
구두,/app/product/detail/831592/0,no
구두,/app/product/detail/831571/0,no
구두,/app/product/detail/804484/0,no
구두,/app/product/detail/785345/0,no
구두,/app/product/detail/731274/0,no
구두,/app/product/detail/719912/0,no
구두,/app/product/detail/685186/0,no
구두,/app/product/detail/671834/0,no
구두,/app/product/detail/644110/0,no
구두,/app/product/detail/636472/0,no
구두,/app/product/detail/61281/0,no
구두,/app/product/detail/492841/0,no
구두,/app/product/detail/256990/0,no
구두,/app/product/detail/203509/0,no
구두,/app/product/detail/158652/0,no
구두,/app/product/detail/150911/0,no
구두,/app/product/detail/127120/0,no
구두,/app/product/detail/126847/0,no
구두,/app/product/detail/126648/0,no
구두,/app/product/detail/990662/0,no
구두,/app/product/detail/968580/0,no
구두,/app/product/detail/949752/0,no
구두,/app/product/detail/884252/0,no
구두,/app/product/detail/845235/0,no
구두,/app/product/detail/839818/0,no
구두,/app/product/detail/733481/0,no
구두,/app/product/detail/635925/0,no
구두,/app/product/detail/628683/0,no
구두,/app/product/detail/50803/0,no
구두,/app/product/detail/48885/0,no
구두,/app/product/detail/476057/0,no
구두,/app/product/detail/464263/0,no
구두,/app/product/detail/464261/0,no
구두,/app/product/detail/447265/0,no
구두,/app/product/detail/436744/0,no
구두,/app/product/detail/436738/0,no
구두,/app/product/detail/436715/0,no
구두,/app/product/detail/321306/0,no
구두,/app/product/detail/303530/0,no
구두,/app/product/detail/181911/0,no
구두,/app/product/detail/158657/0,no
구두,/app/product/detail/155402/0,no
구두,/app/product/detail/126857/0,no
구두,/app/product/detail/113551/0,no
구두,/app/product/detail/949963/0,no
구두,/app/product/detail/938600/0,no
구두,/app/product/detail/932971/0,no
구두,/app/product/detail/890814/0,no
구두,/app/product/detail/855321/0,no
구두,/app/product/detail/845208/0,no
구두,/app/product/detail/839843/0,no
구두,/app/product/detail/839800/0,no
구두,/app/product/detail/815057/0,no
구두,/app/product/detail/768795/0,no
구두,/app/product/detail/755199/0,no
구두,/app/product/detail/731269/0,no
구두,/app/product/detail/705615/0,no
구두,/app/product/detail/635799/0,no
구두,/app/product/detail/608255/0,no
구두,/app/product/detail/502637/0,no
구두,/app/product/detail/464262/0,no
구두,/app/product/detail/452537/0,no
구두,/app/product/detail/440134/0,no
구두,/app/product/detail/424901/0,no
구두,/app/product/detail/351424/0,no
구두,/app/product/detail/300426/0,no
구두,/app/product/detail/256992/0,no
구두,/app/product/detail/158636/0,no
구두,/app/product/detail/133231/0,no
구두,/app/product/detail/126826/0,no
구두,/app/product/detail/126599/0,no
구두,/app/product/detail/965890/0,no
구두,/app/product/detail/953977/0,no
구두,/app/product/detail/949754/0,no
구두,/app/product/detail/949536/0,no
구두,/app/product/detail/933507/0,no
구두,/app/product/detail/929554/0,no
구두,/app/product/detail/927840/0,no
구두,/app/product/detail/915140/0,no
구두,/app/product/detail/915045/0,no
구두,/app/product/detail/910658/0,no
구두,/app/product/detail/890813/0,no
구두,/app/product/detail/888912/0,no
구두,/app/product/detail/599499/0,no
구두,/app/product/detail/888910/0,no
부츠,/app/product/detail/668697/0,yes
부츠,/app/product/detail/595737/0,yes
부츠,/app/product/detail/451851/0,no
부츠,/app/product/detail/665782/0,no
부츠,/app/product/detail/76867/0,no
부츠,/app/product/detail/464305/0,no
부츠,/app/product/detail/148765/0,no
부츠,/app/product/detail/155959/0,no
부츠,/app/product/detail/404909/0,no
부츠,/app/product/detail/499299/0,no
부츠,/app/product/detail/668709/0,no
부츠,/app/product/detail/626636/0,no
부츠,/app/product/detail/924382/0,no
부츠,/app/product/detail/148772/0,no
부츠,/app/product/detail/405159/0,no
부츠,/app/product/detail/464309/0,no
부츠,/app/product/detail/626637/0,no
부츠,/app/product/detail/184212/0,no
부츠,/app/product/detail/464315/0,no
부츠,/app/product/detail/156455/0,no
부츠,/app/product/detail/451852/0,no
부츠,/app/product/detail/638997/0,no
부츠,/app/product/detail/626638/0,no
부츠,/app/product/detail/600547/0,no
부츠,/app/product/detail/184215/0,no
부츠,/app/product/detail/148789/0,no
부츠,/app/product/detail/853229/0,no
부츠,/app/product/detail/634680/0,no
부츠,/app/product/detail/148778/0,no
부츠,/app/product/detail/451853/0,no
부츠,/app/product/detail/702776/0,no
부츠,/app/product/detail/919936/0,no
부츠,/app/product/detail/720672/0,no
부츠,/app/product/detail/867314/0,no
부츠,/app/product/detail/658710/0,no
부츠,/app/product/detail/685185/0,no
부츠,/app/product/detail/70336/0,no
부츠,/app/product/detail/825315/0,no
부츠,/app/product/detail/607292/0,no
부츠,/app/product/detail/314436/0,no
부츠,/app/product/detail/148769/0,no
부츠,/app/product/detail/148767/0,no
부츠,/app/product/detail/451854/0,no
부츠,/app/product/detail/432473/0,no
부츠,/app/product/detail/464307/0,no
부츠,/app/product/detail/736128/0,no
부츠,/app/product/detail/720673/0,no
부츠,/app/product/detail/825317/0,no
부츠,/app/product/detail/464314/0,no
부츠,/app/product/detail/178139/0,no
부츠,/app/product/detail/825316/0,no
부츠,/app/product/detail/607281/0,no
부츠,/app/product/detail/698388/0,no
부츠,/app/product/detail/644112/0,no
부츠,/app/product/detail/720671/0,no
부츠,/app/product/detail/297774/0,no
부츠,/app/product/detail/342223/0,no
부츠,/app/product/detail/156456/0,no
부츠,/app/product/detail/302461/0,no
부츠,/app/product/detail/814696/0,no
부츠,/app/product/detail/639001/0,no
부츠,/app/product/detail/456637/0,no
부츠,/app/product/detail/720674/0,no
부츠,/app/product/detail/644081/0,no
부츠,/app/product/detail/184213/0,no
부츠,/app/product/detail/682226/0,no
부츠,/app/product/detail/451855/0,no
부츠,/app/product/detail/148773/0,no
부츠,/app/product/detail/885106/0,no
부츠,/app/product/detail/641725/0,no
부츠,/app/product/detail/626640/0,no
부츠,/app/product/detail/50811/0,no
부츠,/app/product/detail/932217/0,no
부츠,/app/product/detail/904143/0,no
부츠,/app/product/detail/896826/0,no
부츠,/app/product/detail/644109/0,no
부츠,/app/product/detail/463338/0,no
부츠,/app/product/detail/804486/0,no
부츠,/app/product/detail/702778/0,no
부츠,/app/product/detail/464313/0,no
부츠,/app/product/detail/833549/0,no
부츠,/app/product/detail/682367/0,no
부츠,/app/product/detail/464304/0,no
부츠,/app/product/detail/295929/0,no
부츠,/app/product/detail/896829/0,no
부츠,/app/product/detail/850742/0,no
부츠,/app/product/detail/292773/0,no
부츠,/app/product/detail/901644/0,no
부츠,/app/product/detail/875198/0,no
부츠,/app/product/detail/702774/0,no
부츠,/app/product/detail/437651/0,no
부츠,/app/product/detail/419913/0,no
부츠,/app/product/detail/686324/0,no
부츠,/app/product/detail/463368/0,no
부츠,/app/product/detail/153909/0,no
부츠,/app/product/detail/873509/0,no
부츠,/app/product/detail/867342/0,no
부츠,/app/product/detail/862159/0,no
부츠,/app/product/detail/682463/0,no
부츠,/app/product/detail/682211/0,no
부츠,/app/product/detail/627249/0,no
부츠,/app/product/detail/48713/0,no
부츠,/app/product/detail/458723/0,no
부츠,/app/product/detail/290248/0,no
부츠,/app/product/detail/273224/0,no
부츠,/app/product/detail/153910/0,no
부츠,/app/product/detail/147493/0,no
부츠,/app/product/detail/915077/0,no
부츠,/app/product/detail/858278/0,no
부츠,/app/product/detail/808911/0,no
부츠,/app/product/detail/71813/0,no
부츠,/app/product/detail/48712/0,no
부츠,/app/product/detail/418706/0,no
부츠,/app/product/detail/409805/0,no
부츠,/app/product/detail/163364/0,no
부츠,/app/product/detail/159346/0,no
부츠,/app/product/detail/910960/0,no
부츠,/app/product/detail/867343/0,no
부츠,/app/product/detail/76870/0,no
부츠,/app/product/detail/720669/0,no
부츠,/app/product/detail/685186/0,no
부츠,/app/product/detail/673243/0,no
부츠,/app/product/detail/632271/0,no
부츠,/app/product/detail/61234/0,no
부츠,/app/product/detail/421359/0,no
부츠,/app/product/detail/417671/0,no
부츠,/app/product/detail/417667/0,no
부츠,/app/product/detail/341436/0,no
부츠,/app/product/detail/139458/0,no
부츠,/app/product/detail/916395/0,no
부츠,/app/product/detail/915121/0,no
부츠,/app/product/detail/915059/0,no
부츠,/app/product/detail/716083/0,no
부츠,/app/product/detail/689181/0,no
부츠,/app/product/detail/671824/0,no
부츠,/app/product/detail/662408/0,no
부츠,/app/product/detail/632272/0,no
부츠,/app/product/detail/608348/0,no
부츠,/app/product/detail/463376/0,no
부츠,/app/product/detail/463371/0,no
부츠,/app/product/detail/432474/0,no
부츠,/app/product/detail/422944/0,no
부츠,/app/product/detail/158672/0,no
부츠,/app/product/detail/139451/0,no
부츠,/app/product/detail/983265/0,no
부츠,/app/product/detail/900670/0,no
부츠,/app/product/detail/896827/0,no
부츠,/app/product/detail/890828/0,no
부츠,/app/product/detail/858274/0,no
부츠,/app/product/detail/825318/0,no
부츠,/app/product/detail/808912/0,no
부츠,/app/product/detail/71791/0,no
부츠,/app/product/detail/716082/0,no
부츠,/app/product/detail/659812/0,no
부츠,/app/product/detail/650632/0,no
부츠,/app/product/detail/648223/0,no
부츠,/app/product/detail/608009/0,no
부츠,/app/product/detail/606471/0,no
부츠,/app/product/detail/52616/0,no
부츠,/app/product/detail/471254/0,no
부츠,/app/product/detail/464308/0,no
부츠,/app/product/detail/454806/0,no
부츠,/app/product/detail/450905/0,no
부츠,/app/product/detail/432172/0,no
부츠,/app/product/detail/375422/0,no
부츠,/app/product/detail/291116/0,no
부츠,/app/product/detail/263639/0,no
부츠,/app/product/detail/261070/0,no
부츠,/app/product/detail/158963/0,no
부츠,/app/product/detail/147497/0,no
부츠,/app/product/detail/139460/0,no
부츠,/app/product/detail/932208/0,no
부츠,/app/product/detail/912867/0,no
부츠,/app/product/detail/859885/0,no
부츠,/app/product/detail/71786/0,no
부츠,/app/product/detail/695101/0,no
부츠,/app/product/detail/685191/0,no
부츠,/app/product/detail/684785/0,no
부츠,/app/product/detail/65963/0,no
부츠,/app/product/detail/643270/0,no
부츠,/app/product/detail/643269/0,no
부츠,/app/product/detail/634675/0,no
부츠,/app/product/detail/495281/0,no
부츠,/app/product/detail/459451/0,no
부츠,/app/product/detail/457261/0,no
부츠,/app/product/detail/452563/0,no
부츠,/app/product/detail/426906/0,no
부츠,/app/product/detail/426885/0,no
부츠,/app/product/detail/422945/0,no
부츠,/app/product/detail/422935/0,no
부츠,/app/product/detail/417528/0,no
부츠,/app/product/detail/409964/0,no
부츠,/app/product/detail/405189/0,no
부츠,/app/product/detail/293093/0,no
부츠,/app/product/detail/291534/0,no
부츠,/app/product/detail/199249/0,no
부츠,/app/product/detail/163611/0,no
부츠,/app/product/detail/158964/0,no
부츠,/app/product/detail/153912/0,no
부츠,/app/product/detail/153907/0,no
부츠,/app/product/detail/152747/0,no
부츠,/app/product/detail/150945/0,no
부츠,/app/product/detail/150908/0,no
부츠,/app/product/detail/150905/0,no
부츠,/app/product/detail/150896/0,no
부츠,/app/product/detail/991685/0,no
부츠,/app/product/detail/968590/0,no
부츠,/app/product/detail/966478/0,no
부츠,/app/product/detail/964523/0,no
부츠,/app/product/detail/938100/0,no
부츠,/app/product/detail/933729/0,no
부츠,/app/product/detail/917264/0,no
부츠,/app/product/detail/915111/0,no
부츠,/app/product/detail/910009/0,no
부츠,/app/product/detail/900673/0,no
부츠,/app/product/detail/881983/0,no
부츠,/app/product/detail/867344/0,no
부츠,/app/product/detail/867341/0,no
부츠,/app/product/detail/859886/0,no
부츠,/app/product/detail/833548/0,no
부츠,/app/product/detail/825320/0,no
부츠,/app/product/detail/825319/0,no
부츠,/app/product/detail/821805/0,no
부츠,/app/product/detail/79942/0,no
부츠,/app/product/detail/71814/0,no
부츠,/app/product/detail/71788/0,no
부츠,/app/product/detail/70339/0,no
부츠,/app/product/detail/693874/0,no
부츠,/app/product/detail/685192/0,no
부츠,/app/product/detail/685188/0,no
부츠,/app/product/detail/67963/0,no
부츠,/app/product/detail/671831/0,no
부츠,/app/product/detail/668730/0,no
부츠,/app/product/detail/668140/0,no
부츠,/app/product/detail/663152/0,no
부츠,/app/product/detail/658782/0,no
부츠,/app/product/detail/555225/0,no
부츠,/app/product/detail/537470/0,no
부츠,/app/product/detail/464312/0,no
부츠,/app/product/detail/459457/0,no
장갑,/app/product/detail/440186/0,yes
장갑,/app/product/detail/666784/0,yes
장갑,/app/product/detail/150605/0,yes
장갑,/app/product/detail/870053/0,yes
장갑,/app/product/detail/897537/0,yes
장갑,/app/product/detail/463985/0,yes
장갑,/app/product/detail/435977/0,yes
장갑,/app/product/detail/890446/0,yes
장갑,/app/product/detail/666782/0,yes
장갑,/app/product/detail/648163/0,yes
장갑,/app/product/detail/870067/0,yes
장갑,/app/product/detail/456446/0,yes
장갑,/app/product/detail/292145/0,yes
장갑,/app/product/detail/413271/0,yes
장갑,/app/product/detail/284269/0,yes
장갑,/app/product/detail/865813/0,yes
장갑,/app/product/detail/463981/0,yes
장갑,/app/product/detail/456447/0,yes
장갑,/app/product/detail/917421/0,yes
장갑,/app/product/detail/284305/0,yes
장갑,/app/product/detail/686996/0,yes
장갑,/app/product/detail/865814/0,yes
장갑,/app/product/detail/919633/0,yes
장갑,/app/product/detail/904187/0,yes
장갑,/app/product/detail/875273/0,yes
장갑,/app/product/detail/666783/0,yes
장갑,/app/product/detail/463982/0,yes
장갑,/app/product/detail/885203/0,yes
장갑,/app/product/detail/121708/0,yes
장갑,/app/product/detail/876738/0,no
장갑,/app/product/detail/915957/0,no
장갑,/app/product/detail/690760/0,no
장갑,/app/product/detail/463984/0,no
장갑,/app/product/detail/904186/0,no
장갑,/app/product/detail/675549/0,no
장갑,/app/product/detail/917414/0,no
장갑,/app/product/detail/695366/0,no
장갑,/app/product/detail/920814/0,no
장갑,/app/product/detail/695365/0,no
장갑,/app/product/detail/666781/0,no
장갑,/app/product/detail/891599/0,no
장갑,/app/product/detail/875272/0,no
장갑,/app/product/detail/904185/0,no
장갑,/app/product/detail/900434/0,no
장갑,/app/product/detail/885204/0,no
장갑,/app/product/detail/880635/0,no
장갑,/app/product/detail/879396/0,no
장갑,/app/product/detail/681127/0,no
장갑,/app/product/detail/435985/0,no
장갑,/app/product/detail/924348/0,no
장갑,/app/product/detail/904184/0,no
장갑,/app/product/detail/870066/0,no
장갑,/app/product/detail/55844/0,no
장갑,/app/product/detail/893073/0,no
장갑,/app/product/detail/941203/0,no
장갑,/app/product/detail/897534/0,no
장갑,/app/product/detail/681118/0,no
장갑,/app/product/detail/435968/0,no
장갑,/app/product/detail/917886/0,no
장갑,/app/product/detail/908516/0,no
장갑,/app/product/detail/838691/0,no
장갑,/app/product/detail/463983/0,no
장갑,/app/product/detail/413269/0,no
장갑,/app/product/detail/919641/0,no
장갑,/app/product/detail/917420/0,no
장갑,/app/product/detail/917413/0,no
장갑,/app/product/detail/456448/0,no
장갑,/app/product/detail/442201/0,no
장갑,/app/product/detail/924203/0,no
장갑,/app/product/detail/675547/0,no
장갑,/app/product/detail/924327/0,no
장갑,/app/product/detail/917417/0,no
장갑,/app/product/detail/891598/0,no
장갑,/app/product/detail/890448/0,no
장갑,/app/product/detail/694661/0,no
장갑,/app/product/detail/689476/0,no
장갑,/app/product/detail/688703/0,no
장갑,/app/product/detail/687167/0,no
장갑,/app/product/detail/673510/0,no
장갑,/app/product/detail/284308/0,no
장갑,/app/product/detail/284276/0,no
장갑,/app/product/detail/924324/0,no
장갑,/app/product/detail/897563/0,no
장갑,/app/product/detail/852031/0,no
장갑,/app/product/detail/683450/0,no
장갑,/app/product/detail/121709/0,no
장갑,/app/product/detail/924207/0,no
장갑,/app/product/detail/896584/0,no
장갑,/app/product/detail/885225/0,no
장갑,/app/product/detail/703708/0,no
장갑,/app/product/detail/695363/0,no
장갑,/app/product/detail/688295/0,no
장갑,/app/product/detail/673515/0,no
장갑,/app/product/detail/673511/0,no
장갑,/app/product/detail/666779/0,no
장갑,/app/product/detail/665112/0,no
장갑,/app/product/detail/455972/0,no
장갑,/app/product/detail/897531/0,no
장갑,/app/product/detail/688700/0,no
장갑,/app/product/detail/688699/0,no
장갑,/app/product/detail/674123/0,no
장갑,/app/product/detail/488144/0,no
장갑,/app/product/detail/463979/0,no
장갑,/app/product/detail/457493/0,no
장갑,/app/product/detail/453114/0,no
장갑,/app/product/detail/277356/0,no
장갑,/app/product/detail/917419/0,no
장갑,/app/product/detail/917416/0,no
장갑,/app/product/detail/906645/0,no
장갑,/app/product/detail/900483/0,no
장갑,/app/product/detail/897535/0,no
장갑,/app/product/detail/897530/0,no
장갑,/app/product/detail/895058/0,no
장갑,/app/product/detail/890447/0,no
장갑,/app/product/detail/880636/0,no
장갑,/app/product/detail/852038/0,no
장갑,/app/product/detail/703712/0,no
장갑,/app/product/detail/703700/0,no
장갑,/app/product/detail/694648/0,no
장갑,/app/product/detail/690761/0,no
장갑,/app/product/detail/688298/0,no
장갑,/app/product/detail/687570/0,no
장갑,/app/product/detail/674905/0,no
장갑,/app/product/detail/665492/0,no
장갑,/app/product/detail/457491/0,no
장갑,/app/product/detail/446144/0,no
장갑,/app/product/detail/985010/0,no
장갑,/app/product/detail/928721/0,no
장갑,/app/product/detail/928602/0,no
장갑,/app/product/detail/925936/0,no
장갑,/app/product/detail/924211/0,no
장갑,/app/product/detail/924205/0,no
장갑,/app/product/detail/919636/0,no
장갑,/app/product/detail/919604/0,no
장갑,/app/product/detail/917884/0,no
장갑,/app/product/detail/917418/0,no
장갑,/app/product/detail/917408/0,no
장갑,/app/product/detail/914381/0,no
장갑,/app/product/detail/910472/0,no
장갑,/app/product/detail/897538/0,no
장갑,/app/product/detail/897533/0,no
장갑,/app/product/detail/876734/0,no
장갑,/app/product/detail/874801/0,no
장갑,/app/product/detail/689474/0,no
장갑,/app/product/detail/688697/0,no
장갑,/app/product/detail/687583/0,no
장갑,/app/product/detail/683370/0,no
장갑,/app/product/detail/681122/0,no
장갑,/app/product/detail/680769/0,no
장갑,/app/product/detail/674906/0,no
장갑,/app/product/detail/667168/0,no
장갑,/app/product/detail/666778/0,no
장갑,/app/product/detail/55846/0,no
장갑,/app/product/detail/488169/0,no
장갑,/app/product/detail/488168/0,no
장갑,/app/product/detail/457502/0,no
장갑,/app/product/detail/435981/0,no
장갑,/app/product/detail/271834/0,no
장갑,/app/product/detail/136286/0,no
장갑,/app/product/detail/980864/0,no
장갑,/app/product/detail/941194/0,no
장갑,/app/product/detail/928728/0,no
장갑,/app/product/detail/928725/0,no
장갑,/app/product/detail/928722/0,no
장갑,/app/product/detail/924202/0,no
장갑,/app/product/detail/920894/0,no
장갑,/app/product/detail/917885/0,no
장갑,/app/product/detail/917415/0,no
장갑,/app/product/detail/917412/0,no
장갑,/app/product/detail/917411/0,no
장갑,/app/product/detail/917409/0,no
장갑,/app/product/detail/910476/0,no
장갑,/app/product/detail/903562/0,no
장갑,/app/product/detail/900484/0,no
장갑,/app/product/detail/897532/0,no
장갑,/app/product/detail/886702/0,no
장갑,/app/product/detail/879397/0,no
장갑,/app/product/detail/875274/0,no
장갑,/app/product/detail/703709/0,no
장갑,/app/product/detail/692707/0,no
장갑,/app/product/detail/690763/0,no
장갑,/app/product/detail/690762/0,no
장갑,/app/product/detail/688698/0,no
장갑,/app/product/detail/687164/0,no
장갑,/app/product/detail/680768/0,no
장갑,/app/product/detail/677503/0,no
장갑,/app/product/detail/64985/0,no
장갑,/app/product/detail/64975/0,no
장갑,/app/product/detail/64972/0,no
장갑,/app/product/detail/529647/0,no
장갑,/app/product/detail/488176/0,no
장갑,/app/product/detail/488147/0,no
장갑,/app/product/detail/471603/0,no
장갑,/app/product/detail/457498/0,no
장갑,/app/product/detail/457495/0,no
장갑,/app/product/detail/457492/0,no
장갑,/app/product/detail/438872/0,no
장갑,/app/product/detail/294966/0,no
장갑,/app/product/detail/294963/0,no
장갑,/app/product/detail/292152/0,no
장갑,/app/product/detail/136289/0,no
장갑,/app/product/detail/136287/0,no
장갑,/app/product/detail/136282/0,no
장갑,/app/product/detail/990329/0,no
장갑,/app/product/detail/987401/0,no
장갑,/app/product/detail/985009/0,no
장갑,/app/product/detail/980863/0,no
장갑,/app/product/detail/980861/0,no
장갑,/app/product/detail/971783/0,no
장갑,/app/product/detail/953429/0,no
장갑,/app/product/detail/953271/0,no
장갑,/app/product/detail/953244/0,no
장갑,/app/product/detail/950656/0,no
장갑,/app/product/detail/935697/0,no
장갑,/app/product/detail/932728/0,no
장갑,/app/product/detail/932727/0,no
장갑,/app/product/detail/929725/0,no
장갑,/app/product/detail/928727/0,no
장갑,/app/product/detail/928726/0,no
장갑,/app/product/detail/928724/0,no
장갑,/app/product/detail/928723/0,no
장갑,/app/product/detail/928720/0,no
장갑,/app/product/detail/924498/0,no
장갑,/app/product/detail/924496/0,no
장갑,/app/product/detail/924210/0,no
장갑,/app/product/detail/924209/0,no
장갑,/app/product/detail/924208/0,no
장갑,/app/product/detail/924206/0,no
장갑,/app/product/detail/924204/0,no
장갑,/app/product/detail/923365/0,no
장갑,/app/product/detail/923364/0,no
장갑,/app/product/detail/923363/0,no
장갑,/app/product/detail/923362/0,no
장갑,/app/product/detail/923361/0,no
장갑,/app/product/detail/923360/0,no
장갑,/app/product/detail/923359/0,no
장갑,/app/product/detail/923358/0,no
장갑,/app/product/detail/923357/0,no
장갑,/app/product/detail/923353/0,no
장갑,/app/product/detail/923351/0,no
링,/app/product/detail/735511/0,yes
링,/app/product/detail/421550/0,yes
링,/app/product/detail/292929/0,yes
링,/app/product/detail/643203/0,yes
링,/app/product/detail/853187/0,yes
링,/app/product/detail/503413/0,yes
링,/app/product/detail/560855/0,yes
링,/app/product/detail/415634/0,yes
링,/app/product/detail/760078/0,yes
링,/app/product/detail/609232/0,yes
링,/app/product/detail/276562/0,yes
링,/app/product/detail/760077/0,yes
링,/app/product/detail/78382/0,yes
링,/app/product/detail/503399/0,yes
링,/app/product/detail/844294/0,yes
링,/app/product/detail/625619/0,yes
링,/app/product/detail/437814/0,yes
링,/app/product/detail/760079/0,no
링,/app/product/detail/816645/0,no
링,/app/product/detail/392872/0,no
링,/app/product/detail/701856/0,no
링,/app/product/detail/793308/0,no
링,/app/product/detail/604075/0,no
링,/app/product/detail/609234/0,no
링,/app/product/detail/844269/0,no
링,/app/product/detail/573061/0,no
링,/app/product/detail/844048/0,no
링,/app/product/detail/826936/0,no
링,/app/product/detail/698797/0,no
링,/app/product/detail/401889/0,no
링,/app/product/detail/625640/0,no
링,/app/product/detail/844266/0,no
링,/app/product/detail/766378/0,no
링,/app/product/detail/287535/0,no
링,/app/product/detail/668025/0,no
링,/app/product/detail/937922/0,no
링,/app/product/detail/937527/0,no
링,/app/product/detail/711067/0,no
링,/app/product/detail/803286/0,no
링,/app/product/detail/701876/0,no
링,/app/product/detail/1010593/0,no
링,/app/product/detail/560851/0,no
링,/app/product/detail/701986/0,no
링,/app/product/detail/756902/0,no
링,/app/product/detail/486845/0,no
링,/app/product/detail/216022/0,no
링,/app/product/detail/130246/0,no
링,/app/product/detail/417273/0,no
링,/app/product/detail/668034/0,no
링,/app/product/detail/904526/0,no
링,/app/product/detail/856833/0,no
링,/app/product/detail/938747/0,no
링,/app/product/detail/955591/0,no
링,/app/product/detail/641330/0,no
링,/app/product/detail/205101/0,no
링,/app/product/detail/641968/0,no
링,/app/product/detail/912206/0,no
링,/app/product/detail/747290/0,no
링,/app/product/detail/355765/0,no
링,/app/product/detail/844045/0,no
링,/app/product/detail/904444/0,no
링,/app/product/detail/766379/0,no
링,/app/product/detail/164130/0,no
링,/app/product/detail/437803/0,no
링,/app/product/detail/356403/0,no
링,/app/product/detail/757605/0,no
링,/app/product/detail/431998/0,no
링,/app/product/detail/392918/0,no
링,/app/product/detail/137390/0,no
링,/app/product/detail/609151/0,no
링,/app/product/detail/646918/0,no
링,/app/product/detail/307811/0,no
링,/app/product/detail/701878/0,no
링,/app/product/detail/757606/0,no
링,/app/product/detail/540597/0,no
링,/app/product/detail/348408/0,no
링,/app/product/detail/410235/0,no
링,/app/product/detail/890451/0,no
링,/app/product/detail/771092/0,no
링,/app/product/detail/491654/0,no
링,/app/product/detail/1010592/0,no
링,/app/product/detail/671209/0,no
링,/app/product/detail/609233/0,no
링,/app/product/detail/285290/0,no
링,/app/product/detail/643114/0,no
링,/app/product/detail/625659/0,no
링,/app/product/detail/362673/0,no
링,/app/product/detail/768542/0,no
링,/app/product/detail/983196/0,no
링,/app/product/detail/641972/0,no
링,/app/product/detail/799817/0,no
링,/app/product/detail/354605/0,no
링,/app/product/detail/604076/0,no
링,/app/product/detail/997849/0,no
링,/app/product/detail/589615/0,no
링,/app/product/detail/990181/0,no
링,/app/product/detail/602915/0,no
링,/app/product/detail/791750/0,no
링,/app/product/detail/1010594/0,no
링,/app/product/detail/825584/0,no
링,/app/product/detail/560087/0,no
링,/app/product/detail/643113/0,no
링,/app/product/detail/734088/0,no
링,/app/product/detail/789984/0,no
링,/app/product/detail/762323/0,no
링,/app/product/detail/743552/0,no
링,/app/product/detail/826409/0,no
링,/app/product/detail/392909/0,no
링,/app/product/detail/838750/0,no
링,/app/product/detail/693598/0,no
링,/app/product/detail/643112/0,no
링,/app/product/detail/1010591/0,no
링,/app/product/detail/1018306/0,no
링,/app/product/detail/839998/0,no
링,/app/product/detail/804481/0,no
링,/app/product/detail/648368/0,no
링,/app/product/detail/549387/0,no
링,/app/product/detail/536442/0,no
링,/app/product/detail/255439/0,no
링,/app/product/detail/851194/0,no
링,/app/product/detail/586396/0,no
링,/app/product/detail/485867/0,no
링,/app/product/detail/986034/0,no
링,/app/product/detail/913671/0,no
링,/app/product/detail/844066/0,no
링,/app/product/detail/757247/0,no
링,/app/product/detail/737355/0,no
링,/app/product/detail/668036/0,no
링,/app/product/detail/558001/0,no
링,/app/product/detail/536446/0,no
링,/app/product/detail/525943/0,no
링,/app/product/detail/861097/0,no
링,/app/product/detail/761001/0,no
링,/app/product/detail/757624/0,no
링,/app/product/detail/625896/0,no
링,/app/product/detail/771090/0,no
링,/app/product/detail/741924/0,no
링,/app/product/detail/757656/0,no
링,/app/product/detail/944756/0,no
링,/app/product/detail/762014/0,no
링,/app/product/detail/390953/0,no
링,/app/product/detail/976321/0,no
링,/app/product/detail/941039/0,no
링,/app/product/detail/913700/0,no
링,/app/product/detail/880744/0,no
링,/app/product/detail/410239/0,no
링,/app/product/detail/990180/0,no
링,/app/product/detail/976320/0,no
링,/app/product/detail/757244/0,no
링,/app/product/detail/737045/0,no
링,/app/product/detail/644321/0,no
링,/app/product/detail/641589/0,no
링,/app/product/detail/586400/0,no
링,/app/product/detail/546169/0,no
링,/app/product/detail/848812/0,no
링,/app/product/detail/749289/0,no
링,/app/product/detail/853180/0,no
링,/app/product/detail/837125/0,no
링,/app/product/detail/545306/0,no
링,/app/product/detail/473117/0,no
링,/app/product/detail/429987/0,no
링,/app/product/detail/375326/0,no
링,/app/product/detail/371521/0,no
링,/app/product/detail/355691/0,no
링,/app/product/detail/1020311/0,no
링,/app/product/detail/975393/0,no
링,/app/product/detail/825606/0,no
링,/app/product/detail/797371/0,no
링,/app/product/detail/760997/0,no
링,/app/product/detail/743551/0,no
링,/app/product/detail/707612/0,no
링,/app/product/detail/609238/0,no
링,/app/product/detail/609237/0,no
링,/app/product/detail/607727/0,no
링,/app/product/detail/466166/0,no
링,/app/product/detail/705297/0,no
링,/app/product/detail/937327/0,no
링,/app/product/detail/899407/0,no
링,/app/product/detail/844077/0,no
링,/app/product/detail/802905/0,no
링,/app/product/detail/466228/0,no
링,/app/product/detail/448755/0,no
링,/app/product/detail/423090/0,no
링,/app/product/detail/388522/0,no
링,/app/product/detail/1015930/0,no
링,/app/product/detail/980558/0,no
링,/app/product/detail/913703/0,no
링,/app/product/detail/844295/0,no
링,/app/product/detail/718540/0,no
링,/app/product/detail/537783/0,no
링,/app/product/detail/436109/0,no
링,/app/product/detail/276223/0,no
링,/app/product/detail/747304/0,no
링,/app/product/detail/741095/0,no
링,/app/product/detail/737356/0,no
링,/app/product/detail/641591/0,no
링,/app/product/detail/605797/0,no
링,/app/product/detail/215947/0,no
링,/app/product/detail/802073/0,no
링,/app/product/detail/540599/0,no
링,/app/product/detail/360564/0,no
링,/app/product/detail/234899/0,no
링,/app/product/detail/986033/0,no
링,/app/product/detail/352969/0,no
링,/app/product/detail/975850/0,no
링,/app/product/detail/947485/0,no
링,/app/product/detail/914683/0,no
링,/app/product/detail/848825/0,no
링,/app/product/detail/844268/0,no
링,/app/product/detail/805154/0,no
링,/app/product/detail/764814/0,no
링,/app/product/detail/748903/0,no
링,/app/product/detail/137391/0,no
링,/app/product/detail/746189/0,no
링,/app/product/detail/705300/0,no
링,/app/product/detail/586399/0,no
링,/app/product/detail/447376/0,no
링,/app/product/detail/937328/0,no
링,/app/product/detail/844106/0,no
링,/app/product/detail/797363/0,no
링,/app/product/detail/466924/0,no
링,/app/product/detail/407834/0,no
링,/app/product/detail/899079/0,no
링,/app/product/detail/770642/0,no
링,/app/product/detail/727548/0,no
링,/app/product/detail/269561/0,no
링,/app/product/detail/846035/0,no
링,/app/product/detail/757241/0,no
링,/app/product/detail/622439/0,no
링,/app/product/detail/589618/0,no
링,/app/product/detail/552311/0,no
링,/app/product/detail/940891/0,no
링,/app/product/detail/848819/0,no
링,/app/product/detail/844046/0,no
링,/app/product/detail/839808/0,no
링,/app/product/detail/743849/0,no
링,/app/product/detail/564953/0,no
링,/app/product/detail/437809/0,no
링,/app/product/detail/368096/0,no
링,/app/product/detail/330721/0,no
스니커즈,/app/product/detail/311052/0,yes
스니커즈,/app/product/detail/104238/0,yes
스니커즈,/app/product/detail/104239/0,yes
스니커즈,/app/product/detail/102619/0,yes
스니커즈,/app/product/detail/166001/0,yes
스니커즈,/app/product/detail/810034/0,yes
스니커즈,/app/product/detail/577636/0,yes
스니커즈,/app/product/detail/311051/0,yes
스니커즈,/app/product/detail/102622/0,yes
스니커즈,/app/product/detail/825978/0,yes
스니커즈,/app/product/detail/391466/0,yes
스니커즈,/app/product/detail/411922/0,yes
스니커즈,/app/product/detail/165988/0,yes
스니커즈,/app/product/detail/174764/0,yes
스니커즈,/app/product/detail/348154/0,yes
스니커즈,/app/product/detail/411919/0,yes
스니커즈,/app/product/detail/356926/0,yes
스니커즈,/app/product/detail/104241/0,yes
스니커즈,/app/product/detail/239023/0,yes
스니커즈,/app/product/detail/189720/0,yes
스니커즈,/app/product/detail/165980/0,yes
스니커즈,/app/product/detail/827310/0,yes
스니커즈,/app/product/detail/110640/0,yes
스니커즈,/app/product/detail/311050/0,yes
스니커즈,/app/product/detail/707309/0,yes
스니커즈,/app/product/detail/923853/0,yes
스니커즈,/app/product/detail/165996/0,yes
스니커즈,/app/product/detail/102620/0,yes
스니커즈,/app/product/detail/810033/0,yes
스니커즈,/app/product/detail/356929/0,yes
스니커즈,/app/product/detail/102618/0,yes
스니커즈,/app/product/detail/479550/0,yes
스니커즈,/app/product/detail/811264/0,yes
스니커즈,/app/product/detail/104240/0,yes
스니커즈,/app/product/detail/102621/0,yes
스니커즈,/app/product/detail/863533/0,yes
스니커즈,/app/product/detail/805935/0,yes
스니커즈,/app/product/detail/365267/0,yes
스니커즈,/app/product/detail/165990/0,no
스니커즈,/app/product/detail/810032/0,no
스니커즈,/app/product/detail/923982/0,no
스니커즈,/app/product/detail/272641/0,no
스니커즈,/app/product/detail/219135/0,no
스니커즈,/app/product/detail/181907/0,no
스니커즈,/app/product/detail/810036/0,no
스니커즈,/app/product/detail/926655/0,no
스니커즈,/app/product/detail/389452/0,no
스니커즈,/app/product/detail/744166/0,no
스니커즈,/app/product/detail/627065/0,no
스니커즈,/app/product/detail/772580/0,no
스니커즈,/app/product/detail/186610/0,no
스니커즈,/app/product/detail/356938/0,no
스니커즈,/app/product/detail/642867/0,no
스니커즈,/app/product/detail/311048/0,no
스니커즈,/app/product/detail/174768/0,no
스니커즈,/app/product/detail/566165/0,no
스니커즈,/app/product/detail/840421/0,no
스니커즈,/app/product/detail/377393/0,no
스니커즈,/app/product/detail/606077/0,no
스니커즈,/app/product/detail/711195/0,no
스니커즈,/app/product/detail/921709/0,no
스니커즈,/app/product/detail/594044/0,no
스니커즈,/app/product/detail/913044/0,no
스니커즈,/app/product/detail/785264/0,no
스니커즈,/app/product/detail/311049/0,no
스니커즈,/app/product/detail/502699/0,no
스니커즈,/app/product/detail/922383/0,no
스니커즈,/app/product/detail/389455/0,no
스니커즈,/app/product/detail/490104/0,no
스니커즈,/app/product/detail/165994/0,no
스니커즈,/app/product/detail/595104/0,no
스니커즈,/app/product/detail/937713/0,no
스니커즈,/app/product/detail/923852/0,no
스니커즈,/app/product/detail/295436/0,no
스니커즈,/app/product/detail/602811/0,no
스니커즈,/app/product/detail/594042/0,no
스니커즈,/app/product/detail/439242/0,no
스니커즈,/app/product/detail/411982/0,no
스니커즈,/app/product/detail/620800/0,no
스니커즈,/app/product/detail/311047/0,no
스니커즈,/app/product/detail/810031/0,no
스니커즈,/app/product/detail/922309/0,no
스니커즈,/app/product/detail/439231/0,no
스니커즈,/app/product/detail/602956/0,no
스니커즈,/app/product/detail/817247/0,no
스니커즈,/app/product/detail/913043/0,no
스니커즈,/app/product/detail/846589/0,no
스니커즈,/app/product/detail/311058/0,no
스니커즈,/app/product/detail/110639/0,no
스니커즈,/app/product/detail/389453/0,no
스니커즈,/app/product/detail/311057/0,no
스니커즈,/app/product/detail/439241/0,no
스니커즈,/app/product/detail/810037/0,no
스니커즈,/app/product/detail/810035/0,no
스니커즈,/app/product/detail/846590/0,no
스니커즈,/app/product/detail/566163/0,no
스니커즈,/app/product/detail/389454/0,no
스니커즈,/app/product/detail/991570/0,no
스니커즈,/app/product/detail/926703/0,no
스니커즈,/app/product/detail/667921/0,no
스니커즈,/app/product/detail/946203/0,no
스니커즈,/app/product/detail/921710/0,no
스니커즈,/app/product/detail/460473/0,no
스니커즈,/app/product/detail/926213/0,no
스니커즈,/app/product/detail/311056/0,no
스니커즈,/app/product/detail/714590/0,no
스니커즈,/app/product/detail/929031/0,no
스니커즈,/app/product/detail/744164/0,no
스니커즈,/app/product/detail/642295/0,no
스니커즈,/app/product/detail/928908/0,no
스니커즈,/app/product/detail/182091/0,no
스니커즈,/app/product/detail/913045/0,no
스니커즈,/app/product/detail/627130/0,no
스니커즈,/app/product/detail/801066/0,no
스니커즈,/app/product/detail/272645/0,no
스니커즈,/app/product/detail/840428/0,no
스니커즈,/app/product/detail/460481/0,no
스니커즈,/app/product/detail/710443/0,no
스니커즈,/app/product/detail/937775/0,no
스니커즈,/app/product/detail/602915/0,no
스니커즈,/app/product/detail/925046/0,no
스니커즈,/app/product/detail/804585/0,no
스니커즈,/app/product/detail/356943/0,no
스니커즈,/app/product/detail/165995/0,no
스니커즈,/app/product/detail/926652/0,no
스니커즈,/app/product/detail/716027/0,no
스니커즈,/app/product/detail/863526/0,no
스니커즈,/app/product/detail/908254/0,no
스니커즈,/app/product/detail/1000627/0,no
스니커즈,/app/product/detail/693598/0,no
스니커즈,/app/product/detail/924048/0,no
스니커즈,/app/product/detail/675518/0,no
스니커즈,/app/product/detail/472486/0,no
스니커즈,/app/product/detail/415832/0,no
스니커즈,/app/product/detail/389467/0,no
스니커즈,/app/product/detail/958466/0,no
스니커즈,/app/product/detail/460463/0,no
스니커즈,/app/product/detail/755378/0,no
스니커즈,/app/product/detail/710441/0,no
스니커즈,/app/product/detail/926499/0,no
스니커즈,/app/product/detail/809518/0,no
스니커즈,/app/product/detail/937557/0,no
스니커즈,/app/product/detail/924055/0,no
스니커즈,/app/product/detail/936908/0,no
스니커즈,/app/product/detail/923412/0,no
스니커즈,/app/product/detail/802536/0,no
스니커즈,/app/product/detail/721487/0,no
스니커즈,/app/product/detail/935494/0,no
스니커즈,/app/product/detail/707310/0,no
스니커즈,/app/product/detail/959080/0,no
스니커즈,/app/product/detail/890767/0,no
스니커즈,/app/product/detail/627116/0,no
스니커즈,/app/product/detail/502698/0,no
스니커즈,/app/product/detail/165989/0,no
스니커즈,/app/product/detail/882779/0,no
스니커즈,/app/product/detail/721486/0,no
스니커즈,/app/product/detail/797656/0,no
스니커즈,/app/product/detail/923411/0,no
스니커즈,/app/product/detail/768419/0,no
스니커즈,/app/product/detail/320949/0,no
스니커즈,/app/product/detail/648339/0,no
스니커즈,/app/product/detail/356949/0,no
스니커즈,/app/product/detail/914233/0,no
스니커즈,/app/product/detail/642726/0,no
스니커즈,/app/product/detail/594038/0,no
스니커즈,/app/product/detail/846592/0,no
스니커즈,/app/product/detail/829566/0,no
스니커즈,/app/product/detail/665467/0,no
스니커즈,/app/product/detail/556622/0,no
스니커즈,/app/product/detail/810944/0,no
스니커즈,/app/product/detail/762485/0,no
스니커즈,/app/product/detail/637866/0,no
스니커즈,/app/product/detail/924052/0,no
스니커즈,/app/product/detail/924050/0,no
스니커즈,/app/product/detail/908256/0,no
스니커즈,/app/product/detail/824548/0,no
스니커즈,/app/product/detail/415829/0,no
스니커즈,/app/product/detail/882778/0,no
스니커즈,/app/product/detail/829728/0,no
스니커즈,/app/product/detail/651516/0,no
스니커즈,/app/product/detail/928680/0,no
스니커즈,/app/product/detail/816038/0,no
스니커즈,/app/product/detail/608314/0,no
스니커즈,/app/product/detail/571127/0,no
스니커즈,/app/product/detail/933283/0,no
스니커즈,/app/product/detail/929441/0,no
스니커즈,/app/product/detail/921711/0,no
스니커즈,/app/product/detail/820096/0,no
스니커즈,/app/product/detail/802535/0,no
스니커즈,/app/product/detail/439229/0,no
스니커즈,/app/product/detail/331931/0,no
스니커즈,/app/product/detail/166013/0,no
스니커즈,/app/product/detail/850658/0,no
스니커즈,/app/product/detail/824018/0,no
스니커즈,/app/product/detail/714591/0,no
스니커즈,/app/product/detail/678457/0,no
스니커즈,/app/product/detail/357270/0,no
스니커즈,/app/product/detail/1001518/0,no
스니커즈,/app/product/detail/826026/0,no
스니커즈,/app/product/detail/356919/0,no
스니커즈,/app/product/detail/807538/0,no
스니커즈,/app/product/detail/804584/0,no
스니커즈,/app/product/detail/321049/0,no
스니커즈,/app/product/detail/829725/0,no
스니커즈,/app/product/detail/421285/0,no
스니커즈,/app/product/detail/951564/0,no
스니커즈,/app/product/detail/876831/0,no
스니커즈,/app/product/detail/829565/0,no
스니커즈,/app/product/detail/824557/0,no
스니커즈,/app/product/detail/602908/0,no
스니커즈,/app/product/detail/377658/0,no
스니커즈,/app/product/detail/912906/0,no
스니커즈,/app/product/detail/886522/0,no
스니커즈,/app/product/detail/850699/0,no
스니커즈,/app/product/detail/824527/0,no
스니커즈,/app/product/detail/619450/0,no
스니커즈,/app/product/detail/619044/0,no
스니커즈,/app/product/detail/608315/0,no
스니커즈,/app/product/detail/594062/0,no
스니커즈,/app/product/detail/958989/0,no
스니커즈,/app/product/detail/925047/0,no
스니커즈,/app/product/detail/820039/0,no
스니커즈,/app/product/detail/808225/0,no
스니커즈,/app/product/detail/761332/0,no
스니커즈,/app/product/detail/634798/0,no
스니커즈,/app/product/detail/490133/0,no
스니커즈,/app/product/detail/174302/0,no
스니커즈,/app/product/detail/948185/0,no
스니커즈,/app/product/detail/941889/0,no
스니커즈,/app/product/detail/937564/0,no
스니커즈,/app/product/detail/814087/0,no
스니커즈,/app/product/detail/807535/0,no
스니커즈,/app/product/detail/797650/0,no
스니커즈,/app/product/detail/650910/0,no
스니커즈,/app/product/detail/642292/0,no
스니커즈,/app/product/detail/472488/0,no
스니커즈,/app/product/detail/1001520/0,no
스니커즈,/app/product/detail/953173/0,no
스니커즈,/app/product/detail/944134/0,no
스니커즈,/app/product/detail/938252/0,no
스니커즈,/app/product/detail/937336/0,no
스니커즈,/app/product/detail/924054/0,no
스니커즈,/app/product/detail/850692/0,no
스니커즈,/app/product/detail/411916/0,no
스니커즈,/app/product/detail/627052/0,no
스니커즈,/app/product/detail/710437/0,no
스니커즈,/app/product/detail/885011/0,no
스니커즈,/app/product/detail/904570/0,no
